<?xml version='1.0' encoding='UTF-8'?>
<system creation-date="2016-04-06 18:06:17.216000" desc="" enable="False" id="AF8A7412-2C2E-47DE-B7FE-20A872C5CB1A" last-modified-date="" name="CP_FactoryV1.0.0.0"><applications><application name="RobotWare" version="6.02.1029"><settings><system-xml path="C:\Users\Siemens\Documents\RobotStudio\Virtual_Controller\CP_Factory_Abb_IRB120_Swiss_2016_06_04\CP_FactoryV1.0.0.0\system.xml" /><key-id path="C:\Users\Siemens\Documents\RobotStudio\Virtual_Controller\CP_Factory_Abb_IRB120_Swiss_2016_06_04\CP_FactoryV1.0.0.0\INTERNAL\key.id" /><setting-file path="C:\Users\Siemens\Documents\RobotStudio\Virtual_Controller\CP_Factory_Abb_IRB120_Swiss_2016_06_04\CP_FactoryV1.0.0.0\INTERNAL\controller.rsf" /></settings></application></applications></system>