<?xml version="1.0" encoding="UTF-8"?><SystemProperties><SystemName>CP_FactoryV1.0.0.0</SystemName><SerialNo>120-100699</SerialNo><UsedMedia><Media path="C:\Users\Siemens\AppData\Local\ABB Industrial IT\Robotics IT\RobotWare\RobotWare_6.02.1029" name="RobotWare" version="6.02.1029" /></UsedMedia><ControlModule><Option descr="RobotWare Base"></Option><Option descr="709-1 DeviceNet Master/Slave"></Option><Option descr="888-3 PROFINET Device"></Option><Option descr="608-1 World Zones"></Option><Option descr="611-1 Path Recovery"></Option><Option descr="613-1 Collision Detection"></Option><Option descr="616-1 PC Interface"></Option><Option descr="623-1 Multitasking"></Option></ControlModule><DriveModule><Name>Robot1</Name><Option descr="Motor Commutation"></Option><Option descr="Service Info System"></Option><Option descr="Pendelum Calibration"></Option><Option descr="Drive System IRB 120/140/260/360/910SC/1200/1400/1520/1600 IRC5 Compact"></Option><Option descr="IRB 120-0.58/3"></Option></DriveModule></SystemProperties>